date_start,date_end,date_published,measure,spatial_unit_type,ISO 3166-2:LU,LAU,LAU1_2012,LAU2_2012,LAU1_2010,LAU2_2010,name,cases_new,residents_20200630,cases_new_per_week_100k
2020-06-22,2020-07-12,2020-07-14T12:00:00.000+02:00,cases_residents_new,canton,LU-CA,,1,,2,,Capellen,42,50343,27.81
2020-06-22,2020-07-12,2020-07-14T12:00:00.000+02:00,cases_residents_new,canton,LU-CL,,5,,6,,Clervaux,7,19043,12.25
2020-06-22,2020-07-12,2020-07-14T12:00:00.000+02:00,cases_residents_new,canton,LU-DI,,6,,7,,Diekirch,49,33865,48.23
2020-06-22,2020-07-12,2020-07-14T12:00:00.000+02:00,cases_residents_new,canton,LU-EC,,10,,11,,Echternach,7,19264,12.11
2020-06-22,2020-07-12,2020-07-14T12:00:00.000+02:00,cases_residents_new,canton,LU-ES,,2,,3,,Esch-sur-Alzette,329,183943,59.62
2020-06-22,2020-07-12,2020-07-14T12:00:00.000+02:00,cases_residents_new,canton,LU-GR,,11,,12,,Grevenmacher,12,31137,12.85
2020-06-22,2020-07-12,2020-07-14T12:00:00.000+02:00,cases_residents_new,canton,LU-LU,,3,,,,Luxembourg,200,191342,34.84
2020-06-22,2020-07-12,2020-07-14T12:00:00.000+02:00,cases_residents_new,canton,LU-ME,,4,,5,,Mersch,36,33607,35.71
2020-06-22,2020-07-12,2020-07-14T12:00:00.000+02:00,cases_residents_new,canton,LU-RD,,7,,8,,Redange,6,19649,10.18
2020-06-22,2020-07-12,2020-07-14T12:00:00.000+02:00,cases_residents_new,canton,LU-RM,,12,,13,,Remich,10,23399,14.25
2020-06-22,2020-07-12,2020-07-14T12:00:00.000+02:00,cases_residents_new,canton,LU-VD,,9,,10,,Vianden,4,5474,24.36
2020-06-22,2020-07-12,2020-07-14T12:00:00.000+02:00,cases_residents_new,canton,LU-WI,,8,,9,,Wiltz,20,17866,37.31
2020-06-22,2020-07-12,2020-07-14T12:00:00.000+02:00,cases_residents_new,municipality,,304,3,4,0,1,Luxembourg-Ville,161,122825,43.69
2020-06-22,2020-07-12,2020-07-14T12:00:00.000+02:00,cases_residents_new,canton_equivalent,,,,,4,,Luxembourg-Campagne,39,68517,18.97
2020-06-29,2020-07-19,2020-07-22T15:00:00.000+02:00,cases_residents_new,canton,LU-CA,,1,,2,,Capellen,53,50343,35.09
2020-06-29,2020-07-19,2020-07-22T15:00:00.000+02:00,cases_residents_new,canton,LU-CL,,5,,6,,Clervaux,10,19043,17.50
2020-06-29,2020-07-19,2020-07-22T15:00:00.000+02:00,cases_residents_new,canton,LU-DI,,6,,7,,Diekirch,47,33865,46.26
2020-06-29,2020-07-19,2020-07-22T15:00:00.000+02:00,cases_residents_new,canton,LU-EC,,10,,11,,Echternach,10,19264,17.30
2020-06-29,2020-07-19,2020-07-22T15:00:00.000+02:00,cases_residents_new,canton,LU-ES,,2,,3,,Esch-sur-Alzette,602,183943,109.09
2020-06-29,2020-07-19,2020-07-22T15:00:00.000+02:00,cases_residents_new,canton,LU-GR,,11,,12,,Grevenmacher,21,31137,22.48
2020-06-29,2020-07-19,2020-07-22T15:00:00.000+02:00,cases_residents_new,canton,LU-LU,,3,,,,Luxembourg,323,191342,56.27
2020-06-29,2020-07-19,2020-07-22T15:00:00.000+02:00,cases_residents_new,canton,LU-ME,,4,,5,,Mersch,50,33607,49.59
2020-06-29,2020-07-19,2020-07-22T15:00:00.000+02:00,cases_residents_new,canton,LU-RD,,7,,8,,Redange,12,19649,20.36
2020-06-29,2020-07-19,2020-07-22T15:00:00.000+02:00,cases_residents_new,canton,LU-RM,,12,,13,,Remich,24,23399,34.19
2020-06-29,2020-07-19,2020-07-22T15:00:00.000+02:00,cases_residents_new,canton,LU-VD,,9,,10,,Vianden,4,5474,24.36
2020-06-29,2020-07-19,2020-07-22T15:00:00.000+02:00,cases_residents_new,canton,LU-WI,,8,,9,,Wiltz,18,17866,33.58
2020-06-29,2020-07-19,2020-07-22T15:00:00.000+02:00,cases_residents_new,municipality,,304,3,4,0,1,Luxembourg-Ville,262,122825,71.10
2020-06-29,2020-07-19,2020-07-22T15:00:00.000+02:00,cases_residents_new,canton_equivalent,,,,,4,,Luxembourg-Campagne,61,68517,29.68
2020-07-06,2020-07-26,2020-07-30T18:35:00.000+02:00,cases_residents_new,canton,LU-CA,,1,,2,,Capellen,69,50343,45.69
2020-07-06,2020-07-26,2020-07-30T18:35:00.000+02:00,cases_residents_new,canton,LU-CL,,5,,6,,Clervaux,15,19043,26.26
2020-07-06,2020-07-26,2020-07-30T18:35:00.000+02:00,cases_residents_new,canton,LU-DI,,6,,7,,Diekirch,50,33865,49.22
2020-07-06,2020-07-26,2020-07-30T18:35:00.000+02:00,cases_residents_new,canton,LU-EC,,10,,11,,Echternach,16,19264,27.69
2020-07-06,2020-07-26,2020-07-30T18:35:00.000+02:00,cases_residents_new,canton,LU-ES,,2,,3,,Esch-sur-Alzette,788,183943,142.80
2020-07-06,2020-07-26,2020-07-30T18:35:00.000+02:00,cases_residents_new,canton,LU-GR,,11,,12,,Grevenmacher,32,31137,34.26
2020-07-06,2020-07-26,2020-07-30T18:35:00.000+02:00,cases_residents_new,canton,LU-LU,,3,,,,Luxembourg,383,191342,66.72
2020-07-06,2020-07-26,2020-07-30T18:35:00.000+02:00,cases_residents_new,canton,LU-ME,,4,,5,,Mersch,52,33607,51.58
2020-07-06,2020-07-26,2020-07-30T18:35:00.000+02:00,cases_residents_new,canton,LU-RD,,7,,8,,Redange,18,19649,30.54
2020-07-06,2020-07-26,2020-07-30T18:35:00.000+02:00,cases_residents_new,canton,LU-RM,,12,,13,,Remich,30,23399,42.74
2020-07-06,2020-07-26,2020-07-30T18:35:00.000+02:00,cases_residents_new,canton,LU-VD,,9,,10,,Vianden,6,5474,36.54
2020-07-06,2020-07-26,2020-07-30T18:35:00.000+02:00,cases_residents_new,canton,LU-WI,,8,,9,,Wiltz,24,17866,44.78
2020-07-06,2020-07-26,2020-07-30T18:35:00.000+02:00,cases_residents_new,municipality,,304,3,4,0,1,Luxembourg-Ville,312,122825,84.67
2020-07-06,2020-07-26,2020-07-30T18:35:00.000+02:00,cases_residents_new,canton_equivalent,,,,,4,,Luxembourg-Campagne,71,68517,34.54
2020-07-13,2020-08-02,2020-08-05T17:40:00.000+02:00,cases_residents_new,canton,LU-CA,,1,,2,,Capellen,66,50343,43.70
2020-07-13,2020-08-02,2020-08-05T17:40:00.000+02:00,cases_residents_new,canton,LU-CL,,5,,6,,Clervaux,18,19043,31.51
2020-07-13,2020-08-02,2020-08-05T17:40:00.000+02:00,cases_residents_new,canton,LU-DI,,6,,7,,Diekirch,50,33865,49.22
2020-07-13,2020-08-02,2020-08-05T17:40:00.000+02:00,cases_residents_new,canton,LU-EC,,10,,11,,Echternach,16,19264,27.69
2020-07-13,2020-08-02,2020-08-05T17:40:00.000+02:00,cases_residents_new,canton,LU-ES,,2,,3,,Esch-sur-Alzette,894,183943,162.01
2020-07-13,2020-08-02,2020-08-05T17:40:00.000+02:00,cases_residents_new,canton,LU-GR,,11,,12,,Grevenmacher,29,31137,31.05
2020-07-13,2020-08-02,2020-08-05T17:40:00.000+02:00,cases_residents_new,canton,LU-LU,,3,,,,Luxembourg,386,191342,67.24
2020-07-13,2020-08-02,2020-08-05T17:40:00.000+02:00,cases_residents_new,canton,LU-ME,,4,,5,,Mersch,38,33607,37.69
2020-07-13,2020-08-02,2020-08-05T17:40:00.000+02:00,cases_residents_new,canton,LU-RD,,7,,8,,Redange,24,19649,40.71
2020-07-13,2020-08-02,2020-08-05T17:40:00.000+02:00,cases_residents_new,canton,LU-RM,,12,,13,,Remich,33,23399,47.01
2020-07-13,2020-08-02,2020-08-05T17:40:00.000+02:00,cases_residents_new,canton,LU-VD,,9,,10,,Vianden,9,5474,54.80
2020-07-13,2020-08-02,2020-08-05T17:40:00.000+02:00,cases_residents_new,canton,LU-WI,,8,,9,,Wiltz,30,17866,55.97
2020-07-13,2020-08-02,2020-08-05T17:40:00.000+02:00,cases_residents_new,municipality,,304,3,4,0,1,Luxembourg-Ville,301,122825,81.69
2020-07-13,2020-08-02,2020-08-05T17:40:00.000+02:00,cases_residents_new,canton_equivalent,,,,,4,,Luxembourg-Campagne,85,68517,41.35
2020-07-20,2020-08-09,2020-08-12T17:00:00.000+02:00,cases_residents_new,canton,LU-CA,,1,,2,,Capellen,54,50343,35.75
2020-07-20,2020-08-09,2020-08-12T17:00:00.000+02:00,cases_residents_new,canton,LU-CL,,5,,6,,Clervaux,17,19043,29.76
2020-07-20,2020-08-09,2020-08-12T17:00:00.000+02:00,cases_residents_new,canton,LU-DI,,6,,7,,Diekirch,46,33865,45.28
2020-07-20,2020-08-09,2020-08-12T17:00:00.000+02:00,cases_residents_new,canton,LU-EC,,10,,11,,Echternach,14,19264,24.22
2020-07-20,2020-08-09,2020-08-12T17:00:00.000+02:00,cases_residents_new,canton,LU-ES,,2,,3,,Esch-sur-Alzette,741,183943,134.28
2020-07-20,2020-08-09,2020-08-12T17:00:00.000+02:00,cases_residents_new,canton,LU-GR,,11,,12,,Grevenmacher,27,31137,28.90
2020-07-20,2020-08-09,2020-08-12T17:00:00.000+02:00,cases_residents_new,canton,LU-LU,,3,,,,Luxembourg,304,191342,52.96
2020-07-20,2020-08-09,2020-08-12T17:00:00.000+02:00,cases_residents_new,canton,LU-ME,,4,,5,,Mersch,32,33607,31.74
2020-07-20,2020-08-09,2020-08-12T17:00:00.000+02:00,cases_residents_new,canton,LU-RD,,7,,8,,Redange,19,19649,32.23
2020-07-20,2020-08-09,2020-08-12T17:00:00.000+02:00,cases_residents_new,canton,LU-RM,,12,,13,,Remich,26,23399,37.04
2020-07-20,2020-08-09,2020-08-12T17:00:00.000+02:00,cases_residents_new,canton,LU-VD,,9,,10,,Vianden,8,5474,48.72
2020-07-20,2020-08-09,2020-08-12T17:00:00.000+02:00,cases_residents_new,canton,LU-WI,,8,,9,,Wiltz,23,17866,42.91
2020-07-20,2020-08-09,2020-08-12T17:00:00.000+02:00,cases_residents_new,municipality,,304,3,4,0,1,Luxembourg-Ville,222,122825,60.25
2020-07-20,2020-08-09,2020-08-12T17:00:00.000+02:00,cases_residents_new,canton_equivalent,,,,,4,,Luxembourg-Campagne,82,68517,39.89
2020-07-27,2020-08-16,2020-08-19T18:00:00.000+02:00,cases_residents_new,canton,LU-CA,,1,,2,,Capellen,45,50343,29.80
2020-07-27,2020-08-16,2020-08-19T18:00:00.000+02:00,cases_residents_new,canton,LU-CL,,5,,6,,Clervaux,10,19043,17.50
2020-07-27,2020-08-16,2020-08-19T18:00:00.000+02:00,cases_residents_new,canton,LU-DI,,6,,7,,Diekirch,36,33865,35.43
2020-07-27,2020-08-16,2020-08-19T18:00:00.000+02:00,cases_residents_new,canton,LU-EC,,10,,11,,Echternach,11,19264,19.03
2020-07-27,2020-08-16,2020-08-19T18:00:00.000+02:00,cases_residents_new,canton,LU-ES,,2,,3,,Esch-sur-Alzette,519,183943,94.05
2020-07-27,2020-08-16,2020-08-19T18:00:00.000+02:00,cases_residents_new,canton,LU-GR,,11,,12,,Grevenmacher,20,31137,21.41
2020-07-27,2020-08-16,2020-08-19T18:00:00.000+02:00,cases_residents_new,canton,LU-LU,,3,,,,Luxembourg,226,191342,39.37
2020-07-27,2020-08-16,2020-08-19T18:00:00.000+02:00,cases_residents_new,canton,LU-ME,,4,,5,,Mersch,22,33607,21.82
2020-07-27,2020-08-16,2020-08-19T18:00:00.000+02:00,cases_residents_new,canton,LU-RD,,7,,8,,Redange,11,19649,18.66
2020-07-27,2020-08-16,2020-08-19T18:00:00.000+02:00,cases_residents_new,canton,LU-RM,,12,,13,,Remich,18,23399,25.64
2020-07-27,2020-08-16,2020-08-19T18:00:00.000+02:00,cases_residents_new,canton,LU-VD,,9,,10,,Vianden,5,5474,30.45
2020-07-27,2020-08-16,2020-08-19T18:00:00.000+02:00,cases_residents_new,canton,LU-WI,,8,,9,,Wiltz,13,17866,24.25
2020-07-27,2020-08-16,2020-08-19T18:00:00.000+02:00,cases_residents_new,municipality,,304,3,4,0,1,Luxembourg-Ville,152,122825,41.25
2020-07-27,2020-08-16,2020-08-19T18:00:00.000+02:00,cases_residents_new,canton_equivalent,,,,,4,,Luxembourg-Campagne,74,68517,36.00
2020-08-03,2020-08-23,2020-08-26T15:45:00.000+02:00,cases_residents_new,canton,LU-CA,,1,,2,,Capellen,48,50343,31.78
2020-08-03,2020-08-23,2020-08-26T15:45:00.000+02:00,cases_residents_new,canton,LU-CL,,5,,6,,Clervaux,3,19043,5.25
2020-08-03,2020-08-23,2020-08-26T15:45:00.000+02:00,cases_residents_new,canton,LU-DI,,6,,7,,Diekirch,29,33865,28.54
2020-08-03,2020-08-23,2020-08-26T15:45:00.000+02:00,cases_residents_new,canton,LU-EC,,10,,11,,Echternach,11,19264,19.03
2020-08-03,2020-08-23,2020-08-26T15:45:00.000+02:00,cases_residents_new,canton,LU-ES,,2,,3,,Esch-sur-Alzette,358,183943,64.88
2020-08-03,2020-08-23,2020-08-26T15:45:00.000+02:00,cases_residents_new,canton,LU-GR,,11,,12,,Grevenmacher,26,31137,27.83
2020-08-03,2020-08-23,2020-08-26T15:45:00.000+02:00,cases_residents_new,canton,LU-LU,,3,,,,Luxembourg,240,191342,41.81
2020-08-03,2020-08-23,2020-08-26T15:45:00.000+02:00,cases_residents_new,canton,LU-ME,,4,,5,,Mersch,24,33607,23.80
2020-08-03,2020-08-23,2020-08-26T15:45:00.000+02:00,cases_residents_new,canton,LU-RD,,7,,8,,Redange,5,19649,8.48
2020-08-03,2020-08-23,2020-08-26T15:45:00.000+02:00,cases_residents_new,canton,LU-RM,,12,,13,,Remich,11,23399,15.67
2020-08-03,2020-08-23,2020-08-26T15:45:00.000+02:00,cases_residents_new,canton,LU-VD,,9,,10,,Vianden,1,5474,6.09
2020-08-03,2020-08-23,2020-08-26T15:45:00.000+02:00,cases_residents_new,canton,LU-WI,,8,,9,,Wiltz,8,17866,14.93
2020-08-03,2020-08-23,2020-08-26T15:45:00.000+02:00,cases_residents_new,municipality,,304,3,4,0,1,Luxembourg-Ville,159,122825,43.15
2020-08-03,2020-08-23,2020-08-26T15:45:00.000+02:00,cases_residents_new,canton_equivalent,,,,,4,,Luxembourg-Campagne,81,68517,39.41
2020-08-10,2020-08-30,2020-09-02T14:45:00.000+02:00,cases_residents_new,canton,LU-CA,,1,,2,,Capellen,58,50343,38.40
2020-08-10,2020-08-30,2020-09-02T14:45:00.000+02:00,cases_residents_new,canton,LU-CL,,5,,6,,Clervaux,1,19043,1.75
2020-08-10,2020-08-30,2020-09-02T14:45:00.000+02:00,cases_residents_new,canton,LU-DI,,6,,7,,Diekirch,23,33865,22.64
2020-08-10,2020-08-30,2020-09-02T14:45:00.000+02:00,cases_residents_new,canton,LU-EC,,10,,11,,Echternach,12,19264,20.76
2020-08-10,2020-08-30,2020-09-02T14:45:00.000+02:00,cases_residents_new,canton,LU-ES,,2,,3,,Esch-sur-Alzette,306,183943,55.45
2020-08-10,2020-08-30,2020-09-02T14:45:00.000+02:00,cases_residents_new,canton,LU-GR,,11,,12,,Grevenmacher,25,31137,26.76
2020-08-10,2020-08-30,2020-09-02T14:45:00.000+02:00,cases_residents_new,canton,LU-LU,,3,,,,Luxembourg,283,191342,49.30
2020-08-10,2020-08-30,2020-09-02T14:45:00.000+02:00,cases_residents_new,canton,LU-ME,,4,,5,,Mersch,24,33607,23.80
2020-08-10,2020-08-30,2020-09-02T14:45:00.000+02:00,cases_residents_new,canton,LU-RD,,7,,8,,Redange,8,19649,13.57
2020-08-10,2020-08-30,2020-09-02T14:45:00.000+02:00,cases_residents_new,canton,LU-RM,,12,,13,,Remich,7,23399,9.97
2020-08-10,2020-08-30,2020-09-02T14:45:00.000+02:00,cases_residents_new,canton,LU-VD,,9,,10,,Vianden,0,5474,0.00
2020-08-10,2020-08-30,2020-09-02T14:45:00.000+02:00,cases_residents_new,canton,LU-WI,,8,,9,,Wiltz,12,17866,22.39
2020-08-10,2020-08-30,2020-09-02T14:45:00.000+02:00,cases_residents_new,municipality,,304,3,4,0,1,Luxembourg-Ville,198,122825,53.73
2020-08-10,2020-08-30,2020-09-02T14:45:00.000+02:00,cases_residents_new,canton_equivalent,,,,,4,,Luxembourg-Campagne,85,68517,41.35
2020-08-17,2020-09-06,2020-09-09T17:32:00.000+02:00,cases_residents_new,canton,LU-CA,,1,,2,,Capellen,47,50343,31.12
2020-08-17,2020-09-06,2020-09-09T17:32:00.000+02:00,cases_residents_new,canton,LU-CL,,5,,6,,Clervaux,7,19043,12.25
2020-08-17,2020-09-06,2020-09-09T17:32:00.000+02:00,cases_residents_new,canton,LU-DI,,6,,7,,Diekirch,23,33865,22.64
2020-08-17,2020-09-06,2020-09-09T17:32:00.000+02:00,cases_residents_new,canton,LU-EC,,10,,11,,Echternach,9,19264,15.57
2020-08-17,2020-09-06,2020-09-09T17:32:00.000+02:00,cases_residents_new,canton,LU-ES,,2,,3,,Esch-sur-Alzette,329,183943,59.62
2020-08-17,2020-09-06,2020-09-09T17:32:00.000+02:00,cases_residents_new,canton,LU-GR,,11,,12,,Grevenmacher,27,31137,28.90
2020-08-17,2020-09-06,2020-09-09T17:32:00.000+02:00,cases_residents_new,canton,LU-LU,,3,,,,Luxembourg,325,191342,56.62
2020-08-17,2020-09-06,2020-09-09T17:32:00.000+02:00,cases_residents_new,canton,LU-ME,,4,,5,,Mersch,28,33607,27.77
2020-08-17,2020-09-06,2020-09-09T17:32:00.000+02:00,cases_residents_new,canton,LU-RD,,7,,8,,Redange,12,19649,20.36
2020-08-17,2020-09-06,2020-09-09T17:32:00.000+02:00,cases_residents_new,canton,LU-RM,,12,,13,,Remich,15,23399,21.37
2020-08-17,2020-09-06,2020-09-09T17:32:00.000+02:00,cases_residents_new,canton,LU-VD,,9,,10,,Vianden,1,5474,6.09
2020-08-17,2020-09-06,2020-09-09T17:32:00.000+02:00,cases_residents_new,canton,LU-WI,,8,,9,,Wiltz,13,17866,24.25
2020-08-17,2020-09-06,2020-09-09T17:32:00.000+02:00,cases_residents_new,municipality,,304,3,4,0,1,Luxembourg-Ville,237,122825,64.32
2020-08-17,2020-09-06,2020-09-09T17:32:00.000+02:00,cases_residents_new,canton_equivalent,,,,,4,,Luxembourg-Campagne,88,68517,42.81
2020-08-24,2020-09-13,2020-09-16T17:16:00.000+02:00,cases_residents_new,canton,LU-CA,,1,,2,,Capellen,45,50343,29.80
2020-08-24,2020-09-13,2020-09-16T17:16:00.000+02:00,cases_residents_new,canton,LU-CL,,5,,6,,Clervaux,8,19043,14.00
2020-08-24,2020-09-13,2020-09-16T17:16:00.000+02:00,cases_residents_new,canton,LU-DI,,6,,7,,Diekirch,31,33865,30.51
2020-08-24,2020-09-13,2020-09-16T17:16:00.000+02:00,cases_residents_new,canton,LU-EC,,10,,11,,Echternach,7,19264,12.11
2020-08-24,2020-09-13,2020-09-16T17:16:00.000+02:00,cases_residents_new,canton,LU-ES,,2,,3,,Esch-sur-Alzette,342,183943,61.98
2020-08-24,2020-09-13,2020-09-16T17:16:00.000+02:00,cases_residents_new,canton,LU-GR,,11,,12,,Grevenmacher,29,31137,31.05
2020-08-24,2020-09-13,2020-09-16T17:16:00.000+02:00,cases_residents_new,canton,LU-LU,,3,,,,Luxembourg,299,191342,52.09
2020-08-24,2020-09-13,2020-09-16T17:16:00.000+02:00,cases_residents_new,canton,LU-ME,,4,,5,,Mersch,37,33607,36.70
2020-08-24,2020-09-13,2020-09-16T17:16:00.000+02:00,cases_residents_new,canton,LU-RD,,7,,8,,Redange,14,19649,23.75
2020-08-24,2020-09-13,2020-09-16T17:16:00.000+02:00,cases_residents_new,canton,LU-RM,,12,,13,,Remich,15,23399,21.37
2020-08-24,2020-09-13,2020-09-16T17:16:00.000+02:00,cases_residents_new,canton,LU-VD,,9,,10,,Vianden,1,5474,6.09
2020-08-24,2020-09-13,2020-09-16T17:16:00.000+02:00,cases_residents_new,canton,LU-WI,,8,,9,,Wiltz,19,17866,35.45
2020-08-24,2020-09-13,2020-09-16T17:16:00.000+02:00,cases_residents_new,municipality,,304,3,4,0,1,Luxembourg-Ville,234,122825,63.50
2020-08-24,2020-09-13,2020-09-16T17:16:00.000+02:00,cases_residents_new,canton_equivalent,,,,,4,,Luxembourg-Campagne,65,68517,31.62
2020-08-31,2020-09-20,2020-09-23T15:00:00.000+02:00,cases_residents_new,canton,LU-CA,,1,,2,,Capellen,70,50343,46.35
2020-08-31,2020-09-20,2020-09-23T15:00:00.000+02:00,cases_residents_new,canton,LU-CL,,5,,6,,Clervaux,12,19043,21.01
2020-08-31,2020-09-20,2020-09-23T15:00:00.000+02:00,cases_residents_new,canton,LU-DI,,6,,7,,Diekirch,42,33865,41.34
2020-08-31,2020-09-20,2020-09-23T15:00:00.000+02:00,cases_residents_new,canton,LU-EC,,10,,11,,Echternach,8,19264,13.84
2020-08-31,2020-09-20,2020-09-23T15:00:00.000+02:00,cases_residents_new,canton,LU-ES,,2,,3,,Esch-sur-Alzette,526,183943,95.32
2020-08-31,2020-09-20,2020-09-23T15:00:00.000+02:00,cases_residents_new,canton,LU-GR,,11,,12,,Grevenmacher,30,31137,32.12
2020-08-31,2020-09-20,2020-09-23T15:00:00.000+02:00,cases_residents_new,canton,LU-LU,,3,,,,Luxembourg,402,191342,70.03
2020-08-31,2020-09-20,2020-09-23T15:00:00.000+02:00,cases_residents_new,canton,LU-ME,,4,,5,,Mersch,51,33607,50.58
2020-08-31,2020-09-20,2020-09-23T15:00:00.000+02:00,cases_residents_new,canton,LU-RD,,7,,8,,Redange,16,19649,27.14
2020-08-31,2020-09-20,2020-09-23T15:00:00.000+02:00,cases_residents_new,canton,LU-RM,,12,,13,,Remich,43,23399,61.26
2020-08-31,2020-09-20,2020-09-23T15:00:00.000+02:00,cases_residents_new,canton,LU-VD,,9,,10,,Vianden,2,5474,12.18
2020-08-31,2020-09-20,2020-09-23T15:00:00.000+02:00,cases_residents_new,canton,LU-WI,,8,,9,,Wiltz,31,17866,57.84
2020-08-31,2020-09-20,2020-09-23T15:00:00.000+02:00,cases_residents_new,municipality,,304,3,4,0,1,Luxembourg-Ville,291,122825,78.97
2020-08-31,2020-09-20,2020-09-23T15:00:00.000+02:00,cases_residents_new,canton_equivalent,,,,,4,,Luxembourg-Campagne,111,68517,54.00
2020-09-07,2020-09-27,2020-09-30T15:00:00.000+02:00,cases_residents_new,canton,LU-CA,,1,,2,,Capellen,77,50343,50.98
2020-09-07,2020-09-27,2020-09-30T15:00:00.000+02:00,cases_residents_new,canton,LU-CL,,5,,6,,Clervaux,10,19043,17.50
2020-09-07,2020-09-27,2020-09-30T15:00:00.000+02:00,cases_residents_new,canton,LU-DI,,6,,7,,Diekirch,57,33865,56.11
2020-09-07,2020-09-27,2020-09-30T15:00:00.000+02:00,cases_residents_new,canton,LU-EC,,10,,11,,Echternach,12,19264,20.76
2020-09-07,2020-09-27,2020-09-30T15:00:00.000+02:00,cases_residents_new,canton,LU-ES,,2,,3,,Esch-sur-Alzette,608,183943,110.18
2020-09-07,2020-09-27,2020-09-30T15:00:00.000+02:00,cases_residents_new,canton,LU-GR,,11,,12,,Grevenmacher,29,31137,31.05
2020-09-07,2020-09-27,2020-09-30T15:00:00.000+02:00,cases_residents_new,canton,LU-LU,,3,,,,Luxembourg,453,191342,78.92
2020-09-07,2020-09-27,2020-09-30T15:00:00.000+02:00,cases_residents_new,canton,LU-ME,,4,,5,,Mersch,56,33607,55.54
2020-09-07,2020-09-27,2020-09-30T15:00:00.000+02:00,cases_residents_new,canton,LU-RD,,7,,8,,Redange,18,19649,30.54
2020-09-07,2020-09-27,2020-09-30T15:00:00.000+02:00,cases_residents_new,canton,LU-RM,,12,,13,,Remich,52,23399,74.08
2020-09-07,2020-09-27,2020-09-30T15:00:00.000+02:00,cases_residents_new,canton,LU-VD,,9,,10,,Vianden,7,5474,42.63
2020-09-07,2020-09-27,2020-09-30T15:00:00.000+02:00,cases_residents_new,canton,LU-WI,,8,,9,,Wiltz,32,17866,59.70
2020-09-07,2020-09-27,2020-09-30T15:00:00.000+02:00,cases_residents_new,municipality,,304,3,4,0,1,Luxembourg-Ville,320,122825,86.84
2020-09-07,2020-09-27,2020-09-30T15:00:00.000+02:00,cases_residents_new,canton_equivalent,,,,,4,,Luxembourg-Campagne,133,68517,64.70
2020-09-14,2020-10-04,2020-10-07T16:45:00.000+02:00,cases_residents_new,canton,LU-CA,,1,,2,,Capellen,93,50343,61.58
2020-09-14,2020-10-04,2020-10-07T16:45:00.000+02:00,cases_residents_new,canton,LU-CL,,5,,6,,Clervaux,17,19043,29.76
2020-09-14,2020-10-04,2020-10-07T16:45:00.000+02:00,cases_residents_new,canton,LU-DI,,6,,7,,Diekirch,79,33865,77.76
2020-09-14,2020-10-04,2020-10-07T16:45:00.000+02:00,cases_residents_new,canton,LU-EC,,10,,11,,Echternach,13,19264,22.49
2020-09-14,2020-10-04,2020-10-07T16:45:00.000+02:00,cases_residents_new,canton,LU-ES,,2,,3,,Esch-sur-Alzette,695,183943,125.94
2020-09-14,2020-10-04,2020-10-07T16:45:00.000+02:00,cases_residents_new,canton,LU-GR,,11,,12,,Grevenmacher,26,31137,27.83
2020-09-14,2020-10-04,2020-10-07T16:45:00.000+02:00,cases_residents_new,canton,LU-LU,,3,,,,Luxembourg,547,191342,95.29
2020-09-14,2020-10-04,2020-10-07T16:45:00.000+02:00,cases_residents_new,canton,LU-ME,,4,,5,,Mersch,72,33607,71.41
2020-09-14,2020-10-04,2020-10-07T16:45:00.000+02:00,cases_residents_new,canton,LU-RD,,7,,8,,Redange,26,19649,44.11
2020-09-14,2020-10-04,2020-10-07T16:45:00.000+02:00,cases_residents_new,canton,LU-RM,,12,,13,,Remich,62,23399,88.32
2020-09-14,2020-10-04,2020-10-07T16:45:00.000+02:00,cases_residents_new,canton,LU-VD,,9,,10,,Vianden,8,5474,48.72
2020-09-14,2020-10-04,2020-10-07T16:45:00.000+02:00,cases_residents_new,canton,LU-WI,,8,,9,,Wiltz,37,17866,69.03
2020-09-14,2020-10-04,2020-10-07T16:45:00.000+02:00,cases_residents_new,municipality,,304,3,4,0,1,Luxembourg-Ville,379,122825,102.86
2020-09-14,2020-10-04,2020-10-07T16:45:00.000+02:00,cases_residents_new,canton_equivalent,,,,,4,,Luxembourg-Campagne,168,68517,81.73
2020-09-21,2020-10-11,2020-10-14T14:00:00.000+02:00,cases_residents_new,canton,LU-CA,,1,,2,,Capellen,143,50343,94.68
2020-09-21,2020-10-11,2020-10-14T14:00:00.000+02:00,cases_residents_new,canton,LU-CL,,5,,6,,Clervaux,26,19043,45.51
2020-09-21,2020-10-11,2020-10-14T14:00:00.000+02:00,cases_residents_new,canton,LU-DI,,6,,7,,Diekirch,111,33865,109.26
2020-09-21,2020-10-11,2020-10-14T14:00:00.000+02:00,cases_residents_new,canton,LU-EC,,10,,11,,Echternach,27,19264,46.72
2020-09-21,2020-10-11,2020-10-14T14:00:00.000+02:00,cases_residents_new,canton,LU-ES,,2,,3,,Esch-sur-Alzette,670,183943,121.41
2020-09-21,2020-10-11,2020-10-14T14:00:00.000+02:00,cases_residents_new,canton,LU-GR,,11,,12,,Grevenmacher,35,31137,37.47
2020-09-21,2020-10-11,2020-10-14T14:00:00.000+02:00,cases_residents_new,canton,LU-LU,,3,,,,Luxembourg,562,191342,97.90
2020-09-21,2020-10-11,2020-10-14T14:00:00.000+02:00,cases_residents_new,canton,LU-ME,,4,,5,,Mersch,91,33607,90.26
2020-09-21,2020-10-11,2020-10-14T14:00:00.000+02:00,cases_residents_new,canton,LU-RD,,7,,8,,Redange,44,19649,74.64
2020-09-21,2020-10-11,2020-10-14T14:00:00.000+02:00,cases_residents_new,canton,LU-RM,,12,,13,,Remich,48,23399,68.38
2020-09-21,2020-10-11,2020-10-14T14:00:00.000+02:00,cases_residents_new,canton,LU-VD,,9,,10,,Vianden,9,5474,54.80
2020-09-21,2020-10-11,2020-10-14T14:00:00.000+02:00,cases_residents_new,canton,LU-WI,,8,,9,,Wiltz,38,17866,70.90
2020-09-21,2020-10-11,2020-10-14T14:00:00.000+02:00,cases_residents_new,municipality,,304,3,4,0,1,Luxembourg-Ville,402,122825,109.10
2020-09-21,2020-10-11,2020-10-14T14:00:00.000+02:00,cases_residents_new,canton_equivalent,,,,,4,,Luxembourg-Campagne,160,68517,77.84
2020-09-28,2020-10-18,2020-10-21T16:30:00.000+02:00,cases_residents_new,canton,LU-CA,,1,,2,,Capellen,247,50343,163.54
2020-09-28,2020-10-18,2020-10-21T16:30:00.000+02:00,cases_residents_new,canton,LU-CL,,5,,6,,Clervaux,62,19043,108.53
2020-09-28,2020-10-18,2020-10-21T16:30:00.000+02:00,cases_residents_new,canton,LU-DI,,6,,7,,Diekirch,182,33865,179.14
2020-09-28,2020-10-18,2020-10-21T16:30:00.000+02:00,cases_residents_new,canton,LU-EC,,10,,11,,Echternach,56,19264,96.90
2020-09-28,2020-10-18,2020-10-21T16:30:00.000+02:00,cases_residents_new,canton,LU-ES,,2,,3,,Esch-sur-Alzette,901,183943,163.28
2020-09-28,2020-10-18,2020-10-21T16:30:00.000+02:00,cases_residents_new,canton,LU-GR,,11,,12,,Grevenmacher,75,31137,80.29
2020-09-28,2020-10-18,2020-10-21T16:30:00.000+02:00,cases_residents_new,canton,LU-LU,,3,,,,Luxembourg,758,191342,132.05
2020-09-28,2020-10-18,2020-10-21T16:30:00.000+02:00,cases_residents_new,canton,LU-ME,,4,,5,,Mersch,129,33607,127.95
2020-09-28,2020-10-18,2020-10-21T16:30:00.000+02:00,cases_residents_new,canton,LU-RD,,7,,8,,Redange,69,19649,117.05
2020-09-28,2020-10-18,2020-10-21T16:30:00.000+02:00,cases_residents_new,canton,LU-RM,,12,,13,,Remich,59,23399,84.05
2020-09-28,2020-10-18,2020-10-21T16:30:00.000+02:00,cases_residents_new,canton,LU-VD,,9,,10,,Vianden,16,5474,97.43
2020-09-28,2020-10-18,2020-10-21T16:30:00.000+02:00,cases_residents_new,canton,LU-WI,,8,,9,,Wiltz,63,17866,117.54
2020-09-28,2020-10-18,2020-10-21T16:30:00.000+02:00,cases_residents_new,municipality,,304,3,4,0,1,Luxembourg-Ville,510,122825,138.41
2020-09-28,2020-10-18,2020-10-21T16:30:00.000+02:00,cases_residents_new,canton_equivalent,,,,,4,,Luxembourg-Campagne,248,68517,120.65
2020-10-05,2020-10-25,2020-10-28T17:30:00.000+02:00,cases_residents_new,canton,LU-CA,,1,,2,,Capellen,488,50343,323.12
2020-10-05,2020-10-25,2020-10-28T17:30:00.000+02:00,cases_residents_new,canton,LU-CL,,5,,6,,Clervaux,149,19043,260.81
2020-10-05,2020-10-25,2020-10-28T17:30:00.000+02:00,cases_residents_new,canton,LU-DI,,6,,7,,Diekirch,393,33865,386.83
2020-10-05,2020-10-25,2020-10-28T17:30:00.000+02:00,cases_residents_new,canton,LU-EC,,10,,11,,Echternach,146,19264,252.63
2020-10-05,2020-10-25,2020-10-28T17:30:00.000+02:00,cases_residents_new,canton,LU-ES,,2,,3,,Esch-sur-Alzette,1787,183943,323.83
2020-10-05,2020-10-25,2020-10-28T17:30:00.000+02:00,cases_residents_new,canton,LU-GR,,11,,12,,Grevenmacher,190,31137,203.40
2020-10-05,2020-10-25,2020-10-28T17:30:00.000+02:00,cases_residents_new,canton,LU-LU,,3,,,,Luxembourg,1518,191342,264.45
2020-10-05,2020-10-25,2020-10-28T17:30:00.000+02:00,cases_residents_new,canton,LU-ME,,4,,5,,Mersch,274,33607,271.77
2020-10-05,2020-10-25,2020-10-28T17:30:00.000+02:00,cases_residents_new,canton,LU-RD,,7,,8,,Redange,170,19649,288.39
2020-10-05,2020-10-25,2020-10-28T17:30:00.000+02:00,cases_residents_new,canton,LU-RM,,12,,13,,Remich,134,23399,190.89
2020-10-05,2020-10-25,2020-10-28T17:30:00.000+02:00,cases_residents_new,canton,LU-VD,,9,,10,,Vianden,50,5474,304.47
2020-10-05,2020-10-25,2020-10-28T17:30:00.000+02:00,cases_residents_new,canton,LU-WI,,8,,9,,Wiltz,126,17866,235.08
2020-10-05,2020-10-25,2020-10-28T17:30:00.000+02:00,cases_residents_new,municipality,,304,3,4,0,1,Luxembourg-Ville,959,122825,260.26
2020-10-05,2020-10-25,2020-10-28T17:30:00.000+02:00,cases_residents_new,canton_equivalent,,,,,4,,Luxembourg-Campagne,559,68517,271.95
2020-10-12,2020-11-01,2020-11-04T16:30:00.000+02:00,cases_residents_new,canton,LU-CA,,1,,2,,Capellen,765,50343,506.53
2020-10-12,2020-11-01,2020-11-04T16:30:00.000+02:00,cases_residents_new,canton,LU-CL,,5,,6,,Clervaux,260,19043,455.11
2020-10-12,2020-11-01,2020-11-04T16:30:00.000+02:00,cases_residents_new,canton,LU-DI,,6,,7,,Diekirch,660,33865,649.64
2020-10-12,2020-11-01,2020-11-04T16:30:00.000+02:00,cases_residents_new,canton,LU-EC,,10,,11,,Echternach,246,19264,425.66
2020-10-12,2020-11-01,2020-11-04T16:30:00.000+02:00,cases_residents_new,canton,LU-ES,,2,,3,,Esch-sur-Alzette,3150,183943,570.83
2020-10-12,2020-11-01,2020-11-04T16:30:00.000+02:00,cases_residents_new,canton,LU-GR,,11,,12,,Grevenmacher,413,31137,442.13
2020-10-12,2020-11-01,2020-11-04T16:30:00.000+02:00,cases_residents_new,canton,LU-LU,,3,,,,Luxembourg,2519,191342,438.83
2020-10-12,2020-11-01,2020-11-04T16:30:00.000+02:00,cases_residents_new,canton,LU-ME,,4,,5,,Mersch,455,33607,451.29
2020-10-12,2020-11-01,2020-11-04T16:30:00.000+02:00,cases_residents_new,canton,LU-RD,,7,,8,,Redange,266,19649,451.25
2020-10-12,2020-11-01,2020-11-04T16:30:00.000+02:00,cases_residents_new,canton,LU-RM,,12,,13,,Remich,273,23399,388.91
2020-10-12,2020-11-01,2020-11-04T16:30:00.000+02:00,cases_residents_new,canton,LU-VD,,9,,10,,Vianden,79,5474,481.06
2020-10-12,2020-11-01,2020-11-04T16:30:00.000+02:00,cases_residents_new,canton,LU-WI,,8,,9,,Wiltz,227,17866,423.52
2020-10-12,2020-11-01,2020-11-04T16:30:00.000+02:00,cases_residents_new,municipality,,304,3,4,0,1,Luxembourg-Ville,1581,122825,429.07
2020-10-12,2020-11-01,2020-11-04T16:30:00.000+02:00,cases_residents_new,canton_equivalent,,,,,4,,Luxembourg-Campagne,938,68517,456.33
2020-10-19,2020-11-08,2020-11-11T16:30:00.000+02:00,cases_residents_new,canton,LU-CA,,1,,2,,Capellen,904,50343,598.56
2020-10-19,2020-11-08,2020-11-11T16:30:00.000+02:00,cases_residents_new,canton,LU-CL,,5,,6,,Clervaux,338,19043,591.64
2020-10-19,2020-11-08,2020-11-11T16:30:00.000+02:00,cases_residents_new,canton,LU-DI,,6,,7,,Diekirch,810,33865,797.28
2020-10-19,2020-11-08,2020-11-11T16:30:00.000+02:00,cases_residents_new,canton,LU-EC,,10,,11,,Echternach,320,19264,553.71
2020-10-19,2020-11-08,2020-11-11T16:30:00.000+02:00,cases_residents_new,canton,LU-ES,,2,,3,,Esch-sur-Alzette,4434,183943,803.51
2020-10-19,2020-11-08,2020-11-11T16:30:00.000+02:00,cases_residents_new,canton,LU-GR,,11,,12,,Grevenmacher,529,31137,566.31
2020-10-19,2020-11-08,2020-11-11T16:30:00.000+02:00,cases_residents_new,canton,LU-LU,,3,,,,Luxembourg,3112,191342,542.14
2020-10-19,2020-11-08,2020-11-11T16:30:00.000+02:00,cases_residents_new,canton,LU-ME,,4,,5,,Mersch,585,33607,580.24
2020-10-19,2020-11-08,2020-11-11T16:30:00.000+02:00,cases_residents_new,canton,LU-RD,,7,,8,,Redange,322,19649,546.25
2020-10-19,2020-11-08,2020-11-11T16:30:00.000+02:00,cases_residents_new,canton,LU-RM,,12,,13,,Remich,384,23399,547.03
2020-10-19,2020-11-08,2020-11-11T16:30:00.000+02:00,cases_residents_new,canton,LU-VD,,9,,10,,Vianden,85,5474,517.60
2020-10-19,2020-11-08,2020-11-11T16:30:00.000+02:00,cases_residents_new,canton,LU-WI,,8,,9,,Wiltz,311,17866,580.25
2020-10-19,2020-11-08,2020-11-11T16:30:00.000+02:00,cases_residents_new,municipality,,304,3,4,0,1,Luxembourg-Ville,1980,122825,537.35
2020-10-19,2020-11-08,2020-11-11T16:30:00.000+02:00,cases_residents_new,canton_equivalent,,,,,4,,Luxembourg-Campagne,1132,68517,550.71
2020-10-26,2020-11-15,2020-11-18T15:30:00.000+02:00,cases_residents_new,canton,LU-CA,,1,,2,,Capellen,585,50343,387.34
2020-10-26,2020-11-15,2020-11-18T15:30:00.000+02:00,cases_residents_new,canton,LU-CL,,5,,6,,Clervaux,344,19043,602.15
2020-10-26,2020-11-15,2020-11-18T15:30:00.000+02:00,cases_residents_new,canton,LU-DI,,6,,7,,Diekirch,793,33865,780.55
2020-10-26,2020-11-15,2020-11-18T15:30:00.000+02:00,cases_residents_new,canton,LU-EC,,10,,11,,Echternach,292,19264,505.26
2020-10-26,2020-11-15,2020-11-18T15:30:00.000+02:00,cases_residents_new,canton,LU-ES,,2,,3,,Esch-sur-Alzette,5058,183943,916.59
2020-10-26,2020-11-15,2020-11-18T15:30:00.000+02:00,cases_residents_new,canton,LU-GR,,11,,12,,Grevenmacher,548,31137,586.65
2020-10-26,2020-11-15,2020-11-18T15:30:00.000+02:00,cases_residents_new,canton,LU-LU,,3,,,,Luxembourg,3150,191342,548.76
2020-10-26,2020-11-15,2020-11-18T15:30:00.000+02:00,cases_residents_new,canton,LU-ME,,4,,5,,Mersch,563,33607,558.42
2020-10-26,2020-11-15,2020-11-18T15:30:00.000+02:00,cases_residents_new,canton,LU-RD,,7,,8,,Redange,327,19649,554.74
2020-10-26,2020-11-15,2020-11-18T15:30:00.000+02:00,cases_residents_new,canton,LU-RM,,12,,13,,Remich,410,23399,584.07
2020-10-26,2020-11-15,2020-11-18T15:30:00.000+02:00,cases_residents_new,canton,LU-VD,,9,,10,,Vianden,75,5474,456.70
2020-10-26,2020-11-15,2020-11-18T15:30:00.000+02:00,cases_residents_new,canton,LU-WI,,8,,9,,Wiltz,358,17866,667.94
2020-10-26,2020-11-15,2020-11-18T15:30:00.000+02:00,cases_residents_new,municipality,,304,3,4,0,1,Luxembourg-Ville,2041,122825,553.90
2020-10-26,2020-11-15,2020-11-18T15:30:00.000+02:00,cases_residents_new,canton_equivalent,,,,,4,,Luxembourg-Campagne,1109,68517,539.53
2020-11-02,2020-11-22,2020-11-25T15:30:00.000+02:00,cases_residents_new,canton,LU-CA,,1,,2,,Capellen,739,50343,489.31
2020-11-02,2020-11-22,2020-11-25T15:30:00.000+02:00,cases_residents_new,canton,LU-CL,,5,,6,,Clervaux,338,19043,591.64
2020-11-02,2020-11-22,2020-11-25T15:30:00.000+02:00,cases_residents_new,canton,LU-DI,,6,,7,,Diekirch,698,33865,687.04
2020-11-02,2020-11-22,2020-11-25T15:30:00.000+02:00,cases_residents_new,canton,LU-EC,,10,,11,,Echternach,280,19264,484.50
2020-11-02,2020-11-22,2020-11-25T15:30:00.000+02:00,cases_residents_new,canton,LU-ES,,2,,3,,Esch-sur-Alzette,4980,183943,902.45
2020-11-02,2020-11-22,2020-11-25T15:30:00.000+02:00,cases_residents_new,canton,LU-GR,,11,,12,,Grevenmacher,444,31137,475.32
2020-11-02,2020-11-22,2020-11-25T15:30:00.000+02:00,cases_residents_new,canton,LU-LU,,3,,,,Luxembourg,2808,191342,489.18
2020-11-02,2020-11-22,2020-11-25T15:30:00.000+02:00,cases_residents_new,canton,LU-ME,,4,,5,,Mersch,532,33607,527.67
2020-11-02,2020-11-22,2020-11-25T15:30:00.000+02:00,cases_residents_new,canton,LU-RD,,7,,8,,Redange,299,19649,507.24
2020-11-02,2020-11-22,2020-11-25T15:30:00.000+02:00,cases_residents_new,canton,LU-RM,,12,,13,,Remich,341,23399,485.78
2020-11-02,2020-11-22,2020-11-25T15:30:00.000+02:00,cases_residents_new,canton,LU-VD,,9,,10,,Vianden,87,5474,529.78
2020-11-02,2020-11-22,2020-11-25T15:30:00.000+02:00,cases_residents_new,canton,LU-WI,,8,,9,,Wiltz,387,17866,722.04
2020-11-02,2020-11-22,2020-11-25T15:30:00.000+02:00,cases_residents_new,municipality,,304,3,4,0,1,Luxembourg-Ville,1825,122825,495.28
2020-11-02,2020-11-22,2020-11-25T15:30:00.000+02:00,cases_residents_new,canton_equivalent,,,,,4,,Luxembourg-Campagne,983,68517,478.23
2020-11-09,2020-11-29,2020-12-02T16:15:00.000+02:00,cases_residents_new,canton,LU-CA,,1,,2,,Capellen,738,50343,488.65
2020-11-09,2020-11-29,2020-12-02T16:15:00.000+02:00,cases_residents_new,canton,LU-CL,,5,,6,,Clervaux,340,19043,595.14
2020-11-09,2020-11-29,2020-12-02T16:15:00.000+02:00,cases_residents_new,canton,LU-DI,,6,,7,,Diekirch,703,33865,691.96
2020-11-09,2020-11-29,2020-12-02T16:15:00.000+02:00,cases_residents_new,canton,LU-EC,,10,,11,,Echternach,283,19264,489.69
2020-11-09,2020-11-29,2020-12-02T16:15:00.000+02:00,cases_residents_new,canton,LU-ES,,2,,3,,Esch-sur-Alzette,4581,183943,830.15
2020-11-09,2020-11-29,2020-12-02T16:15:00.000+02:00,cases_residents_new,canton,LU-GR,,11,,12,,Grevenmacher,407,31137,435.71
2020-11-09,2020-11-29,2020-12-02T16:15:00.000+02:00,cases_residents_new,canton,LU-LU,,3,,,,Luxembourg,2683,191342,467.40
2020-11-09,2020-11-29,2020-12-02T16:15:00.000+02:00,cases_residents_new,canton,LU-ME,,4,,5,,Mersch,538,33607,533.62
2020-11-09,2020-11-29,2020-12-02T16:15:00.000+02:00,cases_residents_new,canton,LU-RD,,7,,8,,Redange,296,19649,502.15
2020-11-09,2020-11-29,2020-12-02T16:15:00.000+02:00,cases_residents_new,canton,LU-RM,,12,,13,,Remich,292,23399,415.97
2020-11-09,2020-11-29,2020-12-02T16:15:00.000+02:00,cases_residents_new,canton,LU-VD,,9,,10,,Vianden,130,5474,791.62
2020-11-09,2020-11-29,2020-12-02T16:15:00.000+02:00,cases_residents_new,canton,LU-WI,,8,,9,,Wiltz,375,17866,699.65
2020-11-09,2020-11-29,2020-12-02T16:15:00.000+02:00,cases_residents_new,municipality,,304,3,4,0,1,Luxembourg-Ville,1714,122825,465.16
2020-11-09,2020-11-29,2020-12-02T16:15:00.000+02:00,cases_residents_new,canton_equivalent,,,,,4,,Luxembourg-Campagne,969,68517,471.42
2020-11-16,2020-12-06,2020-12-02T16:15:00.000+02:00,cases_residents_new,canton,LU-CA,,1,,2,,Capellen,735,50343,486.66
2020-11-16,2020-12-06,2020-12-02T16:15:00.000+02:00,cases_residents_new,canton,LU-CL,,5,,6,,Clervaux,320,19043,560.14
2020-11-16,2020-12-06,2020-12-02T16:15:00.000+02:00,cases_residents_new,canton,LU-DI,,6,,7,,Diekirch,756,33865,744.13
2020-11-16,2020-12-06,2020-12-02T16:15:00.000+02:00,cases_residents_new,canton,LU-EC,,10,,11,,Echternach,330,19264,571.01
2020-11-16,2020-12-06,2020-12-02T16:15:00.000+02:00,cases_residents_new,canton,LU-ES,,2,,3,,Esch-sur-Alzette,4306,183943,780.31
2020-11-16,2020-12-06,2020-12-02T16:15:00.000+02:00,cases_residents_new,canton,LU-GR,,11,,12,,Grevenmacher,399,31137,427.14
2020-11-16,2020-12-06,2020-12-02T16:15:00.000+02:00,cases_residents_new,canton,LU-LU,,3,,,,Luxembourg,2600,191342,452.94
2020-11-16,2020-12-06,2020-12-02T16:15:00.000+02:00,cases_residents_new,canton,LU-ME,,4,,5,,Mersch,619,33607,613.96
2020-11-16,2020-12-06,2020-12-02T16:15:00.000+02:00,cases_residents_new,canton,LU-RD,,7,,8,,Redange,273,19649,463.13
2020-11-16,2020-12-06,2020-12-02T16:15:00.000+02:00,cases_residents_new,canton,LU-RM,,12,,13,,Remich,313,23399,445.89
2020-11-16,2020-12-06,2020-12-02T16:15:00.000+02:00,cases_residents_new,canton,LU-VD,,9,,10,,Vianden,160,5474,974.30
2020-11-16,2020-12-06,2020-12-02T16:15:00.000+02:00,cases_residents_new,canton,LU-WI,,8,,9,,Wiltz,366,17866,682.86
2020-11-16,2020-12-06,2020-12-02T16:15:00.000+02:00,cases_residents_new,municipality,,304,3,4,0,1,Luxembourg-Ville,1619,122825,439.38
2020-11-16,2020-12-06,2020-12-02T16:15:00.000+02:00,cases_residents_new,canton_equivalent,,,,,4,,Luxembourg-Campagne,981,68517,477.25
2020-11-23,2020-12-13,2020-12-16T17:35:00.000+02:00,cases_residents_new,canton,LU-CA,,1,,2,,Capellen,721,50343,477.39
2020-11-23,2020-12-13,2020-12-16T17:35:00.000+02:00,cases_residents_new,canton,LU-CL,,5,,6,,Clervaux,285,19043,498.87
2020-11-23,2020-12-13,2020-12-16T17:35:00.000+02:00,cases_residents_new,canton,LU-DI,,6,,7,,Diekirch,788,33865,775.63
2020-11-23,2020-12-13,2020-12-16T17:35:00.000+02:00,cases_residents_new,canton,LU-EC,,10,,11,,Echternach,313,19264,541.60
2020-11-23,2020-12-13,2020-12-16T17:35:00.000+02:00,cases_residents_new,canton,LU-ES,,2,,3,,Esch-sur-Alzette,4052,183943,734.29
2020-11-23,2020-12-13,2020-12-16T17:35:00.000+02:00,cases_residents_new,canton,LU-GR,,11,,12,,Grevenmacher,392,31137,419.65
2020-11-23,2020-12-13,2020-12-16T17:35:00.000+02:00,cases_residents_new,canton,LU-LU,,3,,,,Luxembourg,2502,191342,435.87
2020-11-23,2020-12-13,2020-12-16T17:35:00.000+02:00,cases_residents_new,canton,LU-ME,,4,,5,,Mersch,618,33607,612.97
2020-11-23,2020-12-13,2020-12-16T17:35:00.000+02:00,cases_residents_new,canton,LU-RD,,7,,8,,Redange,243,19649,412.23
2020-11-23,2020-12-13,2020-12-16T17:35:00.000+02:00,cases_residents_new,canton,LU-RM,,12,,13,,Remich,344,23399,490.05
2020-11-23,2020-12-13,2020-12-16T17:35:00.000+02:00,cases_residents_new,canton,LU-VD,,9,,10,,Vianden,154,5474,937.77
2020-11-23,2020-12-13,2020-12-16T17:35:00.000+02:00,cases_residents_new,canton,LU-WI,,8,,9,,Wiltz,331,17866,617.56
2020-11-23,2020-12-13,2020-12-16T17:35:00.000+02:00,cases_residents_new,municipality,,304,3,4,0,1,Luxembourg-Ville,1549,122825,420.38
2020-11-23,2020-12-13,2020-12-16T17:35:00.000+02:00,cases_residents_new,canton_equivalent,,,,,4,,Luxembourg-Campagne,953,68517,463.63
2020-11-30,2020-12-20,2020-12-23T12:35:00.000+02:00,cases_residents_new,canton,LU-CA,,1,,2,,Capellen,635,50343,420.45
2020-11-30,2020-12-20,2020-12-23T12:35:00.000+02:00,cases_residents_new,canton,LU-CL,,5,,6,,Clervaux,226,19043,395.60
2020-11-30,2020-12-20,2020-12-23T12:35:00.000+02:00,cases_residents_new,canton,LU-DI,,6,,7,,Diekirch,673,33865,662.43
2020-11-30,2020-12-20,2020-12-23T12:35:00.000+02:00,cases_residents_new,canton,LU-EC,,10,,11,,Echternach,282,19264,487.96
2020-11-30,2020-12-20,2020-12-23T12:35:00.000+02:00,cases_residents_new,canton,LU-ES,,2,,3,,Esch-sur-Alzette,3815,183943,691.34
2020-11-30,2020-12-20,2020-12-23T12:35:00.000+02:00,cases_residents_new,canton,LU-GR,,11,,12,,Grevenmacher,369,31137,395.03
2020-11-30,2020-12-20,2020-12-23T12:35:00.000+02:00,cases_residents_new,canton,LU-LU,,3,,,,Luxembourg,2259,191342,393.54
2020-11-30,2020-12-20,2020-12-23T12:35:00.000+02:00,cases_residents_new,canton,LU-ME,,4,,5,,Mersch,582,33607,577.26
2020-11-30,2020-12-20,2020-12-23T12:35:00.000+02:00,cases_residents_new,canton,LU-RD,,7,,8,,Redange,239,19649,405.45
2020-11-30,2020-12-20,2020-12-23T12:35:00.000+02:00,cases_residents_new,canton,LU-RM,,12,,13,,Remich,341,23399,485.78
2020-11-30,2020-12-20,2020-12-23T12:35:00.000+02:00,cases_residents_new,canton,LU-VD,,9,,10,,Vianden,117,5474,712.46
2020-11-30,2020-12-20,2020-12-23T12:35:00.000+02:00,cases_residents_new,canton,LU-WI,,8,,9,,Wiltz,301,17866,561.59
2020-11-30,2020-12-20,2020-12-23T12:35:00.000+02:00,cases_residents_new,municipality,,304,3,4,0,1,Luxembourg-Ville,1373,122825,372.62
2020-11-30,2020-12-20,2020-12-23T12:35:00.000+02:00,cases_residents_new,canton_equivalent,,,,,4,,Luxembourg-Campagne,886,68517,431.04
